win,lose,probability
Cleveland Cavaliers,New York Knicks,0.8414713013144967
Golden State Warriors,San Antonio Spurs,0.5325486765171086
Portland Trail Blazers,Utah Jazz,0.5251479761917133
Boston Celtics,Brooklyn Nets,0.9027710397631208
Indiana Pacers,Dallas Mavericks,0.5815280043379317
Houston Rockets,Los Angeles Lakers,0.8264853660916578
Memphis Grizzlies,Minnesota Timberwolves,0.7165619001864727
Charlotte Hornets,Milwaukee Bucks,0.7222270759685745
New Orleans Pelicans,Denver Nuggets,0.5262063439614797
Miami Heat,Orlando Magic,0.6968552931166567
Oklahoma City Thunder,Philadelphia 76ers,0.9578534572765912
Sacramento Kings,Phoenix Suns,0.6328606758011395
Toronto Raptors,Detroit Pistons,0.6912053271684541
Atlanta Hawks,Washington Wizards,0.6326930402939535
Boston Celtics,Chicago Bulls,0.6270484013904282
Los Angeles Clippers,Portland Trail Blazers,0.6423286088314334
San Antonio Spurs,Sacramento Kings,0.8877392251681432
Indiana Pacers,Brooklyn Nets,0.8100331399205528
Dallas Mavericks,Houston Rockets,0.5144008391428059
Detroit Pistons,Orlando Magic,0.6642573449135172
Charlotte Hornets,Miami Heat,0.5139978048620883
Golden State Warriors,New Orleans Pelicans,0.925440709565933
Oklahoma City Thunder,Phoenix Suns,0.9259981166520286
Cleveland Cavaliers,Toronto Raptors,0.5920588145018446
Utah Jazz,Los Angeles Lakers,0.8844430936919341
Indiana Pacers,Chicago Bulls,0.5548437171921583
Boston Celtics,Charlotte Hornets,0.5095180333766648
Cleveland Cavaliers,Orlando Magic,0.8085048579960249
Portland Trail Blazers,Denver Nuggets,0.6276150793098152
Milwaukee Bucks,Brooklyn Nets,0.75689633633776
Memphis Grizzlies,New York Knicks,0.5779240564735748
Atlanta Hawks,Philadelphia 76ers,0.925110608753809
Sacramento Kings,Minnesota Timberwolves,0.6417323422056768
San Antonio Spurs,New Orleans Pelicans,0.9182045906659736
Detroit Pistons,Milwaukee Bucks,0.7490665938333391
Houston Rockets,Dallas Mavericks,0.5255973447346914
Los Angeles Clippers,Utah Jazz,0.6655976549225471
Memphis Grizzlies,Washington Wizards,0.5022369445028068
San Antonio Spurs,Miami Heat,0.7864857724564467
Oklahoma City Thunder,Los Angeles Lakers,0.9581465169011278
Golden State Warriors,Phoenix Suns,0.9529177425348934
Atlanta Hawks,Sacramento Kings,0.7443087626377438
Chicago Bulls,Brooklyn Nets,0.802741159797823
Los Angeles Clippers,Phoenix Suns,0.8992294635001303
Toronto Raptors,Denver Nuggets,0.8308339045128538
Cleveland Cavaliers,Houston Rockets,0.7516927761589157
Detroit Pistons,New York Knicks,0.7132490733199026
Indiana Pacers,Los Angeles Lakers,0.9134933311995799
Miami Heat,Sacramento Kings,0.7217277688251038
Memphis Grizzlies,Minnesota Timberwolves,0.5666470817014042
New Orleans Pelicans,Milwaukee Bucks,0.5558999626902548
Orlando Magic,Philadelphia 76ers,0.8297644785842337
Golden State Warriors,Portland Trail Blazers,0.8506222568483056
San Antonio Spurs,Utah Jazz,0.8178910443278353
Atlanta Hawks,Los Angeles Lakers,0.9275684340549082
Boston Celtics,Chicago Bulls,0.6052683336859837
Detroit Pistons,Brooklyn Nets,0.7875325492256454
Charlotte Hornets,Philadelphia 76ers,0.9589813516950872
Oklahoma City Thunder,Los Angeles Clippers,0.5889220751677928
Memphis Grizzlies,New Orleans Pelicans,0.6956702815422895
Houston Rockets,New York Knicks,0.6254356848526526
Portland Trail Blazers,Phoenix Suns,0.7822487556414318
Utah Jazz,Dallas Mavericks,0.5017974071630901
Toronto Raptors,Washington Wizards,0.7118009741425965
Cleveland Cavaliers,Boston Celtics,0.6240585398075228
Golden State Warriors,Oklahoma City Thunder,0.6718336407077157
Indiana Pacers,Milwaukee Bucks,0.6708222462624273
Minnesota Timberwolves,Denver Nuggets,0.539355911625377
Orlando Magic,Sacramento Kings,0.5626611054907913
Charlotte Hornets,Brooklyn Nets,0.844730439014608
Chicago Bulls,New York Knicks,0.6553930062569358
Portland Trail Blazers,Dallas Mavericks,0.553000834812515
Golden State Warriors,Los Angeles Lakers,0.9723517514325221
Los Angeles Clippers,Memphis Grizzlies,0.6847036791212429
New Orleans Pelicans,Phoenix Suns,0.6946274306078549
Toronto Raptors,Miami Heat,0.5858265173722161
San Antonio Spurs,Utah Jazz,0.8459474237541219
Atlanta Hawks,Washington Wizards,0.6120180120383159
Atlanta Hawks,Houston Rockets,0.6467072864828398
Detroit Pistons,Denver Nuggets,0.7259207028811054
Indiana Pacers,Chicago Bulls,0.5391449423720812
Milwaukee Bucks,Sacramento Kings,0.513376394372624
Oklahoma City Thunder,Minnesota Timberwolves,0.8852599123328202
Washington Wizards,Orlando Magic,0.5677626882004811
Cleveland Cavaliers,Philadelphia 76ers,0.9628985566859125
San Antonio Spurs,Los Angeles Clippers,0.6933784594711812
Boston Celtics,Denver Nuggets,0.7869526804203536
Dallas Mavericks,Milwaukee Bucks,0.6903162572151194
Phoenix Suns,Los Angeles Lakers,0.5546895148859619
Portland Trail Blazers,Memphis Grizzlies,0.5499985578512528
Utah Jazz,New York Knicks,0.661895625731131
Toronto Raptors,Sacramento Kings,0.8070688176581962
Chicago Bulls,Orlando Magic,0.6020318624603105
Charlotte Hornets,Indiana Pacers,0.5649404195477647
Golden State Warriors,New Orleans Pelicans,0.9358611451657128
Los Angeles Clippers,Detroit Pistons,0.6650725505240824
Oklahoma City Thunder,Miami Heat,0.6376202146307934
Utah Jazz,Philadelphia 76ers,0.888517883646779
Washington Wizards,Houston Rockets,0.535310107022746
Minnesota Timberwolves,Brooklyn Nets,0.5722349825865063
Cleveland Cavaliers,Atlanta Hawks,0.6248960628389861
Dallas Mavericks,Los Angeles Lakers,0.8380239437624502
Memphis Grizzlies,Denver Nuggets,0.666882630158563
Portland Trail Blazers,Phoenix Suns,0.8321620987558587
Sacramento Kings,New Orleans Pelicans,0.6182635021655001
Atlanta Hawks,Chicago Bulls,0.5865619654053068
Charlotte Hornets,Utah Jazz,0.599577545288511
Golden State Warriors,Dallas Mavericks,0.8630352572929629
Indiana Pacers,Philadelphia 76ers,0.9526101839237908
Los Angeles Clippers,Portland Trail Blazers,0.6403737397964313
New York Knicks,Brooklyn Nets,0.7375790780944251
Oklahoma City Thunder,Toronto Raptors,0.5349118932629437
Orlando Magic,Minnesota Timberwolves,0.6560620891256768
Detroit Pistons,Phoenix Suns,0.7631131862656171
San Antonio Spurs,Houston Rockets,0.8403979791221142
Boston Celtics,Washington Wizards,0.6128657187852822
Golden State Warriors,Denver Nuggets,0.9047205439384995
Miami Heat,Chicago Bulls,0.5583167509177624
Milwaukee Bucks,New Orleans Pelicans,0.5858017617656534
Sacramento Kings,Los Angeles Lakers,0.8416431138138759
Boston Celtics,New York Knicks,0.7762329669177565
Toronto Raptors,Charlotte Hornets,0.6184205231743457
Oklahoma City Thunder,Los Angeles Clippers,0.5842555450785073
Utah Jazz,Orlando Magic,0.5916976057364185
Indiana Pacers,Philadelphia 76ers,0.9018683395153939
Portland Trail Blazers,Sacramento Kings,0.673406658720589
San Antonio Spurs,Detroit Pistons,0.8175395264795816
Cleveland Cavaliers,Washington Wizards,0.7682033370016299
Atlanta Hawks,Philadelphia 76ers,0.9605953050939854
Chicago Bulls,Washington Wizards,0.5051162516669879
Detroit Pistons,Denver Nuggets,0.6018078306489851
San Antonio Spurs,Houston Rockets,0.8331160032936815
Boston Celtics,Indiana Pacers,0.5471403602901987
Miami Heat,Utah Jazz,0.581781612294365
Memphis Grizzlies,Milwaukee Bucks,0.5527881408384632
Los Angeles Clippers,Minnesota Timberwolves,0.787821303823339
New Orleans Pelicans,Los Angeles Lakers,0.8062596674816689
Phoenix Suns,Brooklyn Nets,0.6312798040111276
Toronto Raptors,New York Knicks,0.8218222149505711
Cleveland Cavaliers,Charlotte Hornets,0.6370297355051648
Golden State Warriors,Phoenix Suns,0.9631975243150935
Minnesota Timberwolves,Los Angeles Lakers,0.8143784914545904
Oklahoma City Thunder,Orlando Magic,0.8202675908132262
Portland Trail Blazers,Denver Nuggets,0.7076725842081044
Oklahoma City Thunder,Detroit Pistons,0.7020875492876661
Houston Rockets,Philadelphia 76ers,0.9412671739273184
Indiana Pacers,Orlando Magic,0.6779551626504009
Los Angeles Clippers,Brooklyn Nets,0.9163316216978931
Boston Celtics,New Orleans Pelicans,0.75404261921813
Dallas Mavericks,New York Knicks,0.6445946859685902
San Antonio Spurs,Miami Heat,0.7389935555920011
Utah Jazz,Memphis Grizzlies,0.5715787445240307
Cleveland Cavaliers,Toronto Raptors,0.5155045133001317
Brooklyn Nets,Los Angeles Lakers,0.5037028751720547
Atlanta Hawks,Miami Heat,0.5270034726061485
Charlotte Hornets,Minnesota Timberwolves,0.7333678626490773
Portland Trail Blazers,Chicago Bulls,0.5012297302175688
Atlanta Hawks,Milwaukee Bucks,0.7938966909239606
Boston Celtics,Dallas Mavericks,0.6455679851615203
Denver Nuggets,Phoenix Suns,0.748326465667548
Cleveland Cavaliers,Indiana Pacers,0.7166577419536644
Los Angeles Clippers,Memphis Grizzlies,0.7399745902852455
Detroit Pistons,New York Knicks,0.662423182795933
Oklahoma City Thunder,Houston Rockets,0.765934945914453
Orlando Magic,New Orleans Pelicans,0.6329951052772625
Washington Wizards,Philadelphia 76ers,0.8784071141502089
San Antonio Spurs,Sacramento Kings,0.8877392251681432
Golden State Warriors,Toronto Raptors,0.7373127663415184
Portland Trail Blazers,Houston Rockets,0.5213034017093021
Miami Heat,Milwaukee Bucks,0.7743674288377145
Minnesota Timberwolves,Philadelphia 76ers,0.8930670243026597
Chicago Bulls,Utah Jazz,0.5411463978592213
Washington Wizards,New York Knicks,0.6688595044918917
Golden State Warriors,Boston Celtics,0.7886726708338573
Atlanta Hawks,Charlotte Hornets,0.5086254661201343
Cleveland Cavaliers,Detroit Pistons,0.7203572515500188
Dallas Mavericks,Memphis Grizzlies,0.5636643244887557
Toronto Raptors,Denver Nuggets,0.7853633517202826
Indiana Pacers,Phoenix Suns,0.8523321169529317
San Antonio Spurs,Los Angeles Lakers,0.9662339807351128
Portland Trail Blazers,New Orleans Pelicans,0.6878018101502044
Oklahoma City Thunder,Brooklyn Nets,0.9388661184851056
Los Angeles Clippers,Sacramento Kings,0.7539985827517279
Boston Celtics,Detroit Pistons,0.5624690900671621
Houston Rockets,Utah Jazz,0.5065217793660286
Los Angeles Clippers,Chicago Bulls,0.6439574823583182
Memphis Grizzlies,Minnesota Timberwolves,0.7165619001864727
Golden State Warriors,Milwaukee Bucks,0.9175568153227623
Charlotte Hornets,New Orleans Pelicans,0.7435697612742808
Dallas Mavericks,Orlando Magic,0.5731212457569017
Phoenix Suns,Philadelphia 76ers,0.6399941679593821
Miami Heat,Washington Wizards,0.6175051414022013
Portland Trail Blazers,Brooklyn Nets,0.8051990810230536
Utah Jazz,Denver Nuggets,0.6012425686957569
Chicago Bulls,Los Angeles Lakers,0.8600549512719475
Atlanta Hawks,New York Knicks,0.7521223454479196
Oklahoma City Thunder,Indiana Pacers,0.7076425708353425
Toronto Raptors,Sacramento Kings,0.7892558484634212
Charlotte Hornets,Memphis Grizzlies,0.6816144725296958
Detroit Pistons,Houston Rockets,0.5865354543712623
Golden State Warriors,Indiana Pacers,0.8302651977690008
Toronto Raptors,Los Angeles Clippers,0.5493919541946882
Orlando Magic,Milwaukee Bucks,0.5194169334265829
Boston Celtics,Minnesota Timberwolves,0.7441139915935727
Miami Heat,Philadelphia 76ers,0.9267000795684964
San Antonio Spurs,Dallas Mavericks,0.8289940090994147
Washington Wizards,Phoenix Suns,0.8149890154240993
Atlanta Hawks,New Orleans Pelicans,0.7960202235754592
Chicago Bulls,Denver Nuggets,0.6239628984159045
Oklahoma City Thunder,Los Angeles Lakers,0.9409130182690149
Portland Trail Blazers,New York Knicks,0.6863493687904365
Boston Celtics,Brooklyn Nets,0.8518947154022988
San Antonio Spurs,Charlotte Hornets,0.7738636149671072
Cleveland Cavaliers,Portland Trail Blazers,0.6978833645108807
Los Angeles Clippers,Dallas Mavericks,0.6873181739778872
Miami Heat,Detroit Pistons,0.567286044820316
Golden State Warriors,Los Angeles Lakers,0.9795425271044096
Toronto Raptors,Houston Rockets,0.70275803106676
Atlanta Hawks,Indiana Pacers,0.5462552873238041
New Orleans Pelicans,Minnesota Timberwolves,0.5837710085579224
Orlando Magic,Phoenix Suns,0.7557215297594597
Memphis Grizzlies,Philadelphia 76ers,0.8478961392068135
Oklahoma City Thunder,Sacramento Kings,0.814835634787969
Utah Jazz,Denver Nuggets,0.6713350512424284
San Antonio Spurs,Boston Celtics,0.7522668480766672
Cleveland Cavaliers,Dallas Mavericks,0.735942096850732
Oklahoma City Thunder,Denver Nuggets,0.811302644873199
Los Angeles Clippers,Detroit Pistons,0.621417494653485
Indiana Pacers,Brooklyn Nets,0.8762985167803122
Golden State Warriors,Los Angeles Lakers,0.9723517514325221
Miami Heat,Memphis Grizzlies,0.6342958718451409
Toronto Raptors,Milwaukee Bucks,0.8109190672918933
Charlotte Hornets,New York Knicks,0.7422795532977938
Washington Wizards,Orlando Magic,0.5677626882004811
Chicago Bulls,Philadelphia 76ers,0.8976561176062516
Minnesota Timberwolves,Phoenix Suns,0.5375998114608442
Portland Trail Blazers,New Orleans Pelicans,0.7343394459817161
Houston Rockets,Sacramento Kings,0.5682764908291116
Atlanta Hawks,Utah Jazz,0.6241994013823701
Charlotte Hornets,New York Knicks,0.7547907807353322
Golden State Warriors,Minnesota Timberwolves,0.9416472119080651
Miami Heat,Memphis Grizzlies,0.6654300184717876
Oklahoma City Thunder,Detroit Pistons,0.7357649429655188
San Antonio Spurs,Washington Wizards,0.8391010847327105
Sacramento Kings,Brooklyn Nets,0.6648093587737254
Dallas Mavericks,New Orleans Pelicans,0.6930944392499886
Los Angeles Clippers,Indiana Pacers,0.6067099447355814
Atlanta Hawks,Los Angeles Lakers,0.8964324606785962
Orlando Magic,Milwaukee Bucks,0.629963344178172
Cleveland Cavaliers,Philadelphia 76ers,0.9628985566859125
Denver Nuggets,Phoenix Suns,0.594846027067375
Portland Trail Blazers,Houston Rockets,0.5645736327324464
Golden State Warriors,Atlanta Hawks,0.7901999621710435
Charlotte Hornets,Memphis Grizzlies,0.6166630234296666
Boston Celtics,Miami Heat,0.5278936429689474
Utah Jazz,Minnesota Timberwolves,0.6515093277108627
Oklahoma City Thunder,New York Knicks,0.8480779229341688
Toronto Raptors,Philadelphia 76ers,0.9722467930724793
Washington Wizards,Sacramento Kings,0.6468826412662059
Los Angeles Clippers,Brooklyn Nets,0.8801572203391093
Charlotte Hornets,Detroit Pistons,0.5990112268472951
Cleveland Cavaliers,Milwaukee Bucks,0.8519578475099093
New Orleans Pelicans,Los Angeles Lakers,0.8062596674816689
San Antonio Spurs,Orlando Magic,0.8801504393750545
Utah Jazz,Houston Rockets,0.5224517763605225
Boston Celtics,Detroit Pistons,0.6273500858124325
Chicago Bulls,Los Angeles Lakers,0.8835620103500421
San Antonio Spurs,Dallas Mavericks,0.8501033034925163
Miami Heat,Denver Nuggets,0.7051668905750571
Minnesota Timberwolves,New York Knicks,0.5237180255673701
Oklahoma City Thunder,Washington Wizards,0.7548574014746273
Atlanta Hawks,Phoenix Suns,0.8328102060555173
Indiana Pacers,Portland Trail Blazers,0.5104462418551716
Toronto Raptors,Memphis Grizzlies,0.7623514297508699
Milwaukee Bucks,Brooklyn Nets,0.5998188600920962
Charlotte Hornets,Dallas Mavericks,0.6177704403105772
Cleveland Cavaliers,Los Angeles Clippers,0.565233654439153
Golden State Warriors,Houston Rockets,0.8725181977097114
Memphis Grizzlies,Orlando Magic,0.5992690823284977
Miami Heat,Utah Jazz,0.6296185119666635
Atlanta Hawks,Detroit Pistons,0.6090141933355675
Boston Celtics,Sacramento Kings,0.7588125508697253
Cleveland Cavaliers,Chicago Bulls,0.7787496518747108
Houston Rockets,Denver Nuggets,0.562564596149209
Los Angeles Clippers,New Orleans Pelicans,0.7965177947602914
New York Knicks,Minnesota Timberwolves,0.5854115330853187
Orlando Magic,Philadelphia 76ers,0.8297644785842337
San Antonio Spurs,Washington Wizards,0.8320718864667416
Toronto Raptors,Los Angeles Lakers,0.9484616135862917
Charlotte Hornets,Minnesota Timberwolves,0.8054147690843353
Chicago Bulls,Dallas Mavericks,0.5491425592482542
Golden State Warriors,Phoenix Suns,0.9631975243150935
Memphis Grizzlies,Los Angeles Lakers,0.882371803433588
Milwaukee Bucks,Brooklyn Nets,0.75689633633776
Boston Celtics,Philadelphia 76ers,0.9253576666132164
Miami Heat,Portland Trail Blazers,0.5892106015102299
Toronto Raptors,Atlanta Hawks,0.591436786311334
Utah Jazz,Denver Nuggets,0.6713350512424284
Detroit Pistons,Orlando Magic,0.6642573449135172
Los Angeles Clippers,Indiana Pacers,0.6331774661450195
Sacramento Kings,New York Knicks,0.512196700988191
Oklahoma City Thunder,New Orleans Pelicans,0.8746270910722463
Oklahoma City Thunder,Atlanta Hawks,0.6461875827388255
Washington Wizards,Brooklyn Nets,0.7702102443905706
Portland Trail Blazers,Chicago Bulls,0.5471462690468698
Charlotte Hornets,Dallas Mavericks,0.6195282096952326
Golden State Warriors,Indiana Pacers,0.8350533775338287
Boston Celtics,Houston Rockets,0.6024522426324154
Utah Jazz,Los Angeles Lakers,0.8481273579933284
San Antonio Spurs,Milwaukee Bucks,0.9005545016511576
Memphis Grizzlies,New Orleans Pelicans,0.5795710291546887
Denver Nuggets,Philadelphia 76ers,0.7845295345734746
Cleveland Cavaliers,Toronto Raptors,0.5920588145018446
Detroit Pistons,Chicago Bulls,0.5236910395280492
Memphis Grizzlies,Philadelphia 76ers,0.9345530556425844
Miami Heat,New York Knicks,0.7409121739090979
San Antonio Spurs,Minnesota Timberwolves,0.9054790637138054
Utah Jazz,Phoenix Suns,0.8070805981773115
Washington Wizards,Orlando Magic,0.6163629961982247
Miami Heat,Atlanta Hawks,0.503962734406014
Denver Nuggets,Brooklyn Nets,0.6281590994447948
Charlotte Hornets,Detroit Pistons,0.5990112268472951
Dallas Mavericks,Sacramento Kings,0.6275002696610303
Houston Rockets,Los Angeles Lakers,0.8938309834950936
Golden State Warriors,Los Angeles Clippers,0.7598443299798496
Portland Trail Blazers,Milwaukee Bucks,0.6639154904545479
Cleveland Cavaliers,New York Knicks,0.8644033506406894
Boston Celtics,Orlando Magic,0.6926993673206443
Indiana Pacers,Phoenix Suns,0.7875020347937546
San Antonio Spurs,Chicago Bulls,0.8470638692345974
Portland Trail Blazers,Memphis Grizzlies,0.5499985578512528
New Orleans Pelicans,Philadelphia 76ers,0.8879162378693453
Toronto Raptors,Minnesota Timberwolves,0.8611531170564677
Golden State Warriors,Utah Jazz,0.8709480653714144
Washington Wizards,Denver Nuggets,0.6826198604937316
Toronto Raptors,Boston Celtics,0.5898465630984888
Charlotte Hornets,Orlando Magic,0.7100108569227043
Cleveland Cavaliers,Miami Heat,0.6194496192923397
Indiana Pacers,Dallas Mavericks,0.5606786719777572
Phoenix Suns,Los Angeles Lakers,0.5546895148859619
Atlanta Hawks,Milwaukee Bucks,0.7325597785202258
Detroit Pistons,Minnesota Timberwolves,0.652044571421112
Oklahoma City Thunder,Houston Rockets,0.765934945914453
Sacramento Kings,New York Knicks,0.5711960399359551
Miami Heat,Chicago Bulls,0.6316200210100831
Cleveland Cavaliers,Charlotte Hornets,0.6370297355051648
Houston Rockets,Dallas Mavericks,0.5255973447346914
Indiana Pacers,Portland Trail Blazers,0.5352675770438122
Los Angeles Clippers,New Orleans Pelicans,0.8326346241575285
Golden State Warriors,Memphis Grizzlies,0.8731916047672227
Orlando Magic,Denver Nuggets,0.6016734182202282
San Antonio Spurs,Brooklyn Nets,0.9611080936058575
Utah Jazz,Sacramento Kings,0.635006579556551
Washington Wizards,Milwaukee Bucks,0.7079513303534916
Detroit Pistons,Philadelphia 76ers,0.9497282563716465
New York Knicks,Los Angeles Lakers,0.7309336950753726
Golden State Warriors,Minnesota Timberwolves,0.9217126126899202
Oklahoma City Thunder,Boston Celtics,0.6421362033294222
New Orleans Pelicans,Phoenix Suns,0.5625187187265419
Dallas Mavericks,Denver Nuggets,0.6641807501744322
Houston Rockets,Brooklyn Nets,0.8495742006230459
Charlotte Hornets,Indiana Pacers,0.5333102022888092
Los Angeles Clippers,Portland Trail Blazers,0.6403737397964313
Miami Heat,Washington Wizards,0.605479659002967
Sacramento Kings,Los Angeles Lakers,0.8416431138138759
Toronto Raptors,Milwaukee Bucks,0.8469874379973024
Atlanta Hawks,Orlando Magic,0.7185458944930517
Chicago Bulls,Minnesota Timberwolves,0.7188953469485209
Cleveland Cavaliers,Memphis Grizzlies,0.7868579145201766
Golden State Warriors,New Orleans Pelicans,0.925440709565933
New York Knicks,Phoenix Suns,0.6098881364833857
Oklahoma City Thunder,Portland Trail Blazers,0.7205466318984424
Brooklyn Nets,Los Angeles Lakers,0.6892548930096987
Detroit Pistons,Dallas Mavericks,0.5259285301769407
Houston Rockets,Sacramento Kings,0.6567953008907891
Cleveland Cavaliers,Memphis Grizzlies,0.7807277944939042
Miami Heat,Indiana Pacers,0.5467687524939616
Los Angeles Clippers,Orlando Magic,0.7421455028211268
Toronto Raptors,Philadelphia 76ers,0.9508390551452903
San Antonio Spurs,Boston Celtics,0.7427559045199119
Oklahoma City Thunder,Utah Jazz,0.753441532807285
Charlotte Hornets,Washington Wizards,0.5995737930734497
Portland Trail Blazers,Denver Nuggets,0.6276150793098152
Golden State Warriors,New York Knicks,0.9230810831099463
Chicago Bulls,Milwaukee Bucks,0.6604267027150781
Indiana Pacers,New Orleans Pelicans,0.6944436058591085
San Antonio Spurs,Phoenix Suns,0.9427529518100515
Boston Celtics,Charlotte Hornets,0.5342279733233053
Chicago Bulls,Milwaukee Bucks,0.6953504880195774
Houston Rockets,New Orleans Pelicans,0.7195365160391073
Memphis Grizzlies,Sacramento Kings,0.6303330120184603
Los Angeles Clippers,Miami Heat,0.5880889613936053
Orlando Magic,Brooklyn Nets,0.7915327185250324
Philadelphia 76ers,Los Angeles Lakers,0.5071758061385813
Toronto Raptors,Atlanta Hawks,0.591436786311334
Utah Jazz,Dallas Mavericks,0.5017974071630901
Detroit Pistons,Washington Wizards,0.5049874844048838
Atlanta Hawks,Charlotte Hornets,0.514853466467012
Cleveland Cavaliers,Los Angeles Lakers,0.954911370980924
Denver Nuggets,New York Knicks,0.5768799976657593
Detroit Pistons,Indiana Pacers,0.5120289763267452
Golden State Warriors,Portland Trail Blazers,0.8392944522998637
Houston Rockets,Minnesota Timberwolves,0.6145815485874896
Oklahoma City Thunder,Phoenix Suns,0.9259981166520286
Dallas Mavericks,Sacramento Kings,0.6275002696610303
Utah Jazz,Memphis Grizzlies,0.522312931596993
Boston Celtics,Miami Heat,0.5278936429689474
Toronto Raptors,Orlando Magic,0.7786027483747802
Brooklyn Nets,Philadelphia 76ers,0.591583133840357
San Antonio Spurs,New Orleans Pelicans,0.9182045906659736
Los Angeles Clippers,Washington Wizards,0.6690196752051196
Detroit Pistons,Chicago Bulls,0.5200271395313463
Dallas Mavericks,Denver Nuggets,0.5827942730947244
Indiana Pacers,Washington Wizards,0.5868400930052661
Minnesota Timberwolves,Phoenix Suns,0.7057168108642432
Oklahoma City Thunder,Atlanta Hawks,0.6429564946175155
Charlotte Hornets,Los Angeles Lakers,0.924707780624638
Golden State Warriors,Utah Jazz,0.853752585370399
San Antonio Spurs,Houston Rockets,0.8331160032936815
Los Angeles Clippers,Denver Nuggets,0.8133263731090049
Boston Celtics,Memphis Grizzlies,0.6297379931483937
Miami Heat,Orlando Magic,0.6946231696536463
Cleveland Cavaliers,Milwaukee Bucks,0.8519578475099093
Indiana Pacers,New York Knicks,0.693008272484472
New Orleans Pelicans,Philadelphia 76ers,0.7612628318631278
Portland Trail Blazers,Sacramento Kings,0.6330316458043429
Toronto Raptors,Brooklyn Nets,0.9250686359821072
Atlanta Hawks,Minnesota Timberwolves,0.8118858079787739
Chicago Bulls,Washington Wizards,0.5051162516669879
Cleveland Cavaliers,Milwaukee Bucks,0.8643195269222843
Detroit Pistons,Memphis Grizzlies,0.6336921377207501
Oklahoma City Thunder,New Orleans Pelicans,0.8489462637550931
Houston Rockets,Phoenix Suns,0.7327063977684738
Portland Trail Blazers,Dallas Mavericks,0.5441515113636525
Utah Jazz,Sacramento Kings,0.635006579556551
Golden State Warriors,Brooklyn Nets,0.9588268569523497
Boston Celtics,Indiana Pacers,0.5471403602901987
San Antonio Spurs,Los Angeles Clippers,0.7202338905133641
Miami Heat,Los Angeles Lakers,0.9194196009278381
Orlando Magic,New York Knicks,0.5448842597136127
Oklahoma City Thunder,Boston Celtics,0.628229297298232
Charlotte Hornets,Chicago Bulls,0.5763841328031141
Cleveland Cavaliers,Brooklyn Nets,0.9342429364193829
Atlanta Hawks,Denver Nuggets,0.700327033495585
Golden State Warriors,Detroit Pistons,0.8388334158511516
Los Angeles Clippers,Dallas Mavericks,0.6823799692204423
Memphis Grizzlies,Houston Rockets,0.5174322337138854
Washington Wizards,Milwaukee Bucks,0.6156628941794371
Sacramento Kings,Minnesota Timberwolves,0.500680875146966
Miami Heat,New Orleans Pelicans,0.757659177554873
Orlando Magic,Los Angeles Lakers,0.8498478401843282
Phoenix Suns,Philadelphia 76ers,0.8292999519436808
San Antonio Spurs,Portland Trail Blazers,0.8224865417930565
Toronto Raptors,Utah Jazz,0.7222711674413689
Golden State Warriors,Cleveland Cavaliers,0.709214895883916
Los Angeles Clippers,Los Angeles Lakers,0.9172951272797172
Boston Celtics,New York Knicks,0.752787585782178
Oklahoma City Thunder,Minnesota Timberwolves,0.8852599123328202
San Antonio Spurs,Chicago Bulls,0.8031921399338277
Charlotte Hornets,Brooklyn Nets,0.844730439014608
Indiana Pacers,Chicago Bulls,0.5548437171921583
Cleveland Cavaliers,Detroit Pistons,0.7290896029668337
Houston Rockets,Phoenix Suns,0.8214848983332034
Los Angeles Clippers,Denver Nuggets,0.8133263731090049
Atlanta Hawks,Minnesota Timberwolves,0.7434333658149213
Dallas Mavericks,New Orleans Pelicans,0.6461407953169236
Memphis Grizzlies,Orlando Magic,0.5033728540875587
Toronto Raptors,Portland Trail Blazers,0.686945543017369
Sacramento Kings,Philadelphia 76ers,0.9100502523474642
Washington Wizards,Milwaukee Bucks,0.7079513303534916
Boston Celtics,Memphis Grizzlies,0.706971322459263
Dallas Mavericks,Houston Rockets,0.5144008391428059
Utah Jazz,Los Angeles Lakers,0.8481273579933284
Oklahoma City Thunder,Miami Heat,0.6721135998623062
Atlanta Hawks,New York Knicks,0.7624488037669391
Chicago Bulls,Brooklyn Nets,0.83581090150336
Denver Nuggets,Minnesota Timberwolves,0.647059040329809
Detroit Pistons,Milwaukee Bucks,0.7490665938333391
Golden State Warriors,Toronto Raptors,0.7063634053594536
Los Angeles Clippers,New Orleans Pelicans,0.7965177947602914
Charlotte Hornets,Orlando Magic,0.6807204955948115
Portland Trail Blazers,Sacramento Kings,0.673406658720589
San Antonio Spurs,Phoenix Suns,0.9526858463944298
Indiana Pacers,Washington Wizards,0.5399298448045547
Miami Heat,Charlotte Hornets,0.5144146727354189
Cleveland Cavaliers,Boston Celtics,0.6240585398075228
Dallas Mavericks,Los Angeles Lakers,0.8380239437624502
Oklahoma City Thunder,Memphis Grizzlies,0.7571583075585052
Toronto Raptors,Phoenix Suns,0.8863532233180386
Utah Jazz,Philadelphia 76ers,0.9357723799345488
Atlanta Hawks,Detroit Pistons,0.6090141933355675
Boston Celtics,Miami Heat,0.5154560093262558
Denver Nuggets,Philadelphia 76ers,0.9119350747731457
Golden State Warriors,Dallas Mavericks,0.8630352572929629
Los Angeles Clippers,Houston Rockets,0.6592769259590322
Indiana Pacers,Chicago Bulls,0.5391449423720812
Minnesota Timberwolves,Milwaukee Bucks,0.5689005800423337
New Orleans Pelicans,New York Knicks,0.5105271719930725
San Antonio Spurs,Portland Trail Blazers,0.8007151632469375
Washington Wizards,Brooklyn Nets,0.8439062247947008
Chicago Bulls,Milwaukee Bucks,0.6953504880195774
Cleveland Cavaliers,Charlotte Hornets,0.6850108351471983
Houston Rockets,New York Knicks,0.6784618833634446
Oklahoma City Thunder,Los Angeles Clippers,0.5842555450785073
Memphis Grizzlies,Sacramento Kings,0.5190894553379306
Utah Jazz,Phoenix Suns,0.8070805981773115
San Antonio Spurs,Atlanta Hawks,0.7664608614751022
Indiana Pacers,Orlando Magic,0.6779551626504009
Toronto Raptors,Los Angeles Lakers,0.9312815061023203
Miami Heat,Detroit Pistons,0.581207704920876
Portland Trail Blazers,Minnesota Timberwolves,0.676346949541659
Utah Jazz,Brooklyn Nets,0.7871376825993746
Charlotte Hornets,Chicago Bulls,0.613936680735747
Cleveland Cavaliers,New Orleans Pelicans,0.8658400916694787
Golden State Warriors,Denver Nuggets,0.9274236828098745
Houston Rockets,Washington Wizards,0.5310468754807014
Los Angeles Clippers,Phoenix Suns,0.8992294635001303
Oklahoma City Thunder,Milwaukee Bucks,0.8344210418027294
Orlando Magic,New York Knicks,0.5448842597136127
Boston Celtics,Utah Jazz,0.6279012430301056
Washington Wizards,Dallas Mavericks,0.5007975187723674
Denver Nuggets,Sacramento Kings,0.552879409420761
Detroit Pistons,Indiana Pacers,0.5120289763267452
Memphis Grizzlies,Los Angeles Lakers,0.7961644961016864
Minnesota Timberwolves,Philadelphia 76ers,0.7424819344702747
Miami Heat,Phoenix Suns,0.8360114224403007
San Antonio Spurs,Toronto Raptors,0.6492101734913811
Oklahoma City Thunder,Charlotte Hornets,0.6556901492045653
Cleveland Cavaliers,Chicago Bulls,0.70116145461627
Golden State Warriors,Portland Trail Blazers,0.8392944522998637
Los Angeles Clippers,Memphis Grizzlies,0.7399745902852455
New York Knicks,Milwaukee Bucks,0.5575670834653146
Atlanta Hawks,Orlando Magic,0.6919386018029844
Miami Heat,Sacramento Kings,0.7099766894206185
Dallas Mavericks,Phoenix Suns,0.8020097211732179
San Antonio Spurs,Denver Nuggets,0.8854016238426523
Charlotte Hornets,Detroit Pistons,0.5487209510349659
Oklahoma City Thunder,Houston Rockets,0.7353158594916152
Indiana Pacers,Brooklyn Nets,0.8762985167803122
Atlanta Hawks,New Orleans Pelicans,0.7533796497167551
Portland Trail Blazers,Los Angeles Lakers,0.9007041116414918
Toronto Raptors,Utah Jazz,0.6917084523017448
Boston Celtics,Philadelphia 76ers,0.9634332286306787
Cleveland Cavaliers,Brooklyn Nets,0.9233217184669784
Golden State Warriors,Memphis Grizzlies,0.8930076347134616
Miami Heat,Los Angeles Lakers,0.8985638641294547
Milwaukee Bucks,New York Knicks,0.537724473853794
Houston Rockets,Orlando Magic,0.5527824571969636
Los Angeles Clippers,Sacramento Kings,0.7539985827517279
Washington Wizards,Minnesota Timberwolves,0.7308992151552438
Boston Celtics,New Orleans Pelicans,0.8083460351271325
Toronto Raptors,Chicago Bulls,0.7239914778598542
Atlanta Hawks,Dallas Mavericks,0.6317331905903073
Indiana Pacers,New York Knicks,0.7257732644399914
Utah Jazz,Minnesota Timberwolves,0.6515093277108627
Oklahoma City Thunder,Denver Nuggets,0.8593449675613766
San Antonio Spurs,Charlotte Hornets,0.7532509711024605
Brooklyn Nets,Philadelphia 76ers,0.8085138024417545
Los Angeles Clippers,Miami Heat,0.5564978381946545
Orlando Magic,Los Angeles Lakers,0.7735133516082879
Utah Jazz,Memphis Grizzlies,0.522312931596993
Washington Wizards,Milwaukee Bucks,0.6156628941794371
Cleveland Cavaliers,Phoenix Suns,0.9127804789944216
Portland Trail Blazers,Detroit Pistons,0.5245598633413114
Golden State Warriors,Sacramento Kings,0.9067055970770859
Toronto Raptors,Houston Rockets,0.7245584301680309
Oklahoma City Thunder,Chicago Bulls,0.7550342511126609
Dallas Mavericks,Minnesota Timberwolves,0.6339708210708068
New York Knicks,New Orleans Pelicans,0.560778440674727
Atlanta Hawks,Brooklyn Nets,0.8514435391681919
Golden State Warriors,Miami Heat,0.7863330218485315
Charlotte Hornets,Houston Rockets,0.5890425262954813
Portland Trail Blazers,Los Angeles Lakers,0.8619215608776132
Detroit Pistons,Sacramento Kings,0.6073649408057571
San Antonio Spurs,Milwaukee Bucks,0.9172207819717049
Toronto Raptors,Boston Celtics,0.5905735036373496
Cleveland Cavaliers,Utah Jazz,0.777265639640002
Chicago Bulls,Washington Wizards,0.5283072595637156
Boston Celtics,Washington Wizards,0.6505556415827034
Los Angeles Clippers,Orlando Magic,0.7649607600132076
Houston Rockets,Minnesota Timberwolves,0.6145815485874896
Oklahoma City Thunder,Memphis Grizzlies,0.7996207802843421
New York Knicks,Philadelphia 76ers,0.7949567831060715
Cleveland Cavaliers,Portland Trail Blazers,0.7464797424805106
New Orleans Pelicans,Brooklyn Nets,0.5966876550356288
Indiana Pacers,Denver Nuggets,0.6348575462548878
Golden State Warriors,Detroit Pistons,0.8534578870832281
Chicago Bulls,New York Knicks,0.6829822610212409
Dallas Mavericks,Phoenix Suns,0.7485841467471197
San Antonio Spurs,Los Angeles Lakers,0.973571280100946
Atlanta Hawks,Boston Celtics,0.5009366664315171
Houston Rockets,Memphis Grizzlies,0.5947373772212908
Miami Heat,Milwaukee Bucks,0.7370745021325109
Oklahoma City Thunder,Minnesota Timberwolves,0.8420461341113088
Charlotte Hornets,Philadelphia 76ers,0.9214192096636097
Portland Trail Blazers,Orlando Magic,0.6439175633183477
Cleveland Cavaliers,Sacramento Kings,0.8340341879568847
Toronto Raptors,Brooklyn Nets,0.9250686359821072
Detroit Pistons,Utah Jazz,0.5178821180478862
Chicago Bulls,New Orleans Pelicans,0.6981032586683085
Los Angeles Clippers,Los Angeles Lakers,0.9422820406200939
San Antonio Spurs,Phoenix Suns,0.9427529518100515
Utah Jazz,Orlando Magic,0.6040887067542026
Washington Wizards,Philadelphia 76ers,0.9388052881642246
Atlanta Hawks,Milwaukee Bucks,0.7938966909239606
Houston Rockets,Brooklyn Nets,0.759271443077733
Dallas Mavericks,Minnesota Timberwolves,0.7140902113363056
Detroit Pistons,Los Angeles Lakers,0.848430872282324
Chicago Bulls,Memphis Grizzlies,0.546135636653391
Oklahoma City Thunder,Sacramento Kings,0.814835634787969
Toronto Raptors,New York Knicks,0.8218222149505711
Boston Celtics,Charlotte Hornets,0.5342279733233053
Denver Nuggets,Orlando Magic,0.520260504163692
Golden State Warriors,Cleveland Cavaliers,0.6419275315866912
Indiana Pacers,New Orleans Pelicans,0.7629160913567412
Oklahoma City Thunder,Los Angeles Clippers,0.5889220751677928
Milwaukee Bucks,Philadelphia 76ers,0.8983205037589043
Atlanta Hawks,New York Knicks,0.7521223454479196
Utah Jazz,Phoenix Suns,0.7626866123182766
Portland Trail Blazers,Washington Wizards,0.5321919436116516
Toronto Raptors,Brooklyn Nets,0.8997375928987147
Dallas Mavericks,Chicago Bulls,0.5003506969108413
Denver Nuggets,Los Angeles Lakers,0.7184039269888924
Miami Heat,Houston Rockets,0.6199084447058881
San Antonio Spurs,Minnesota Timberwolves,0.9254566108593018
Boston Celtics,New York Knicks,0.7762329669177565
Charlotte Hornets,Portland Trail Blazers,0.5725716884283166
Atlanta Hawks,Detroit Pistons,0.5615899706175906
Golden State Warriors,Oklahoma City Thunder,0.6718336407077157
Houston Rockets,Milwaukee Bucks,0.7168999254369701
Orlando Magic,New Orleans Pelicans,0.5465590021876168
Toronto Raptors,Philadelphia 76ers,0.9508390551452903
Indiana Pacers,Sacramento Kings,0.6402291547014487
Washington Wizards,Memphis Grizzlies,0.584167130158377
Cleveland Cavaliers,Phoenix Suns,0.9204842237672006
Los Angeles Clippers,Minnesota Timberwolves,0.8462025658165115
Miami Heat,Dallas Mavericks,0.6002439714969354
Washington Wizards,New York Knicks,0.6395690862838549
San Antonio Spurs,Denver Nuggets,0.9076735551498811
Atlanta Hawks,Chicago Bulls,0.5865619654053068
Toronto Raptors,Charlotte Hornets,0.6184205231743457
Utah Jazz,Dallas Mavericks,0.525340510269387
Golden State Warriors,Houston Rockets,0.8598540300471437
Indiana Pacers,Los Angeles Lakers,0.8655830077792712
Memphis Grizzlies,Sacramento Kings,0.6303330120184603
New Orleans Pelicans,Brooklyn Nets,0.7362694191676099
Orlando Magic,Milwaukee Bucks,0.629963344178172
Portland Trail Blazers,Philadelphia 76ers,0.8990800470208217
Atlanta Hawks,Philadelphia 76ers,0.9605953050939854
Boston Celtics,Portland Trail Blazers,0.601536131922449
Chicago Bulls,Sacramento Kings,0.6330127796882549
Charlotte Hornets,Brooklyn Nets,0.8917634638649691
San Antonio Spurs,Cleveland Cavaliers,0.6649361451192813
Los Angeles Clippers,Denver Nuggets,0.74966142847643
Detroit Pistons,Washington Wizards,0.5717150549470302
Memphis Grizzlies,Houston Rockets,0.5174322337138854
Miami Heat,Milwaukee Bucks,0.7743674288377145
New York Knicks,Phoenix Suns,0.6960585138632724
Indiana Pacers,Utah Jazz,0.5527204624650924
Dallas Mavericks,Los Angeles Lakers,0.881106128580527
Minnesota Timberwolves,Denver Nuggets,0.539355911625377
Golden State Warriors,Orlando Magic,0.9012467135584006
Toronto Raptors,Phoenix Suns,0.909576127884868
Los Angeles Clippers,Atlanta Hawks,0.5598697900682776
San Antonio Spurs,Brooklyn Nets,0.9498706983698019
Charlotte Hornets,Washington Wizards,0.6229207842239655
Detroit Pistons,Sacramento Kings,0.6928654379503243
Indiana Pacers,New York Knicks,0.7257732644399914
Golden State Warriors,Miami Heat,0.8190723706961209
Houston Rockets,Milwaukee Bucks,0.6011766297089163
Cleveland Cavaliers,New Orleans Pelicans,0.8651932125831256
Oklahoma City Thunder,Utah Jazz,0.753441532807285
Utah Jazz,Denver Nuggets,0.6012425686957569
Chicago Bulls,Orlando Magic,0.6146131867855933
Los Angeles Clippers,Philadelphia 76ers,0.9405792717306144
Minnesota Timberwolves,Phoenix Suns,0.5375998114608442
San Antonio Spurs,Toronto Raptors,0.6954754304426728
Boston Celtics,Washington Wizards,0.6128657187852822
Boston Celtics,Houston Rockets,0.6642500237318708
Miami Heat,Brooklyn Nets,0.8543503757457932
Atlanta Hawks,Chicago Bulls,0.6262128094822031
Golden State Warriors,Charlotte Hornets,0.807906100627078
Cleveland Cavaliers,Sacramento Kings,0.828004376340114
Dallas Mavericks,New York Knicks,0.6500308117341334
Toronto Raptors,Memphis Grizzlies,0.7262871234055097
Milwaukee Bucks,Philadelphia 76ers,0.8983205037589043
Oklahoma City Thunder,New Orleans Pelicans,0.8489462637550931
Portland Trail Blazers,Los Angeles Lakers,0.9007041116414918
Denver Nuggets,Phoenix Suns,0.748326465667548
Indiana Pacers,Minnesota Timberwolves,0.6831201660763775
Oklahoma City Thunder,Dallas Mavericks,0.750788166998361
Utah Jazz,Los Angeles Lakers,0.8844430936919341
Atlanta Hawks,Washington Wizards,0.6326930402939535
Boston Celtics,Orlando Magic,0.733988767549365
Miami Heat,Chicago Bulls,0.6316200210100831
Cleveland Cavaliers,Brooklyn Nets,0.9342429364193829
Indiana Pacers,Sacramento Kings,0.7059128282858386
San Antonio Spurs,New Orleans Pelicans,0.9099046487340102
Charlotte Hornets,New York Knicks,0.7422795532977938
Houston Rockets,Philadelphia 76ers,0.8717613066166722
Portland Trail Blazers,Memphis Grizzlies,0.612580642041944
Toronto Raptors,Milwaukee Bucks,0.8469874379973024
Charlotte Hornets,Sacramento Kings,0.7362682309838708
Golden State Warriors,Los Angeles Clippers,0.7461492997368239
Miami Heat,Detroit Pistons,0.581207704920876
Boston Celtics,Milwaukee Bucks,0.7332589002691947
Minnesota Timberwolves,Brooklyn Nets,0.7463986891989032
Denver Nuggets,Phoenix Suns,0.594846027067375
Utah Jazz,Memphis Grizzlies,0.5715787445240307
Atlanta Hawks,New York Knicks,0.7624488037669391
Chicago Bulls,Philadelphia 76ers,0.9352540151851269
Oklahoma City Thunder,Cleveland Cavaliers,0.5247943695070209
Indiana Pacers,Houston Rockets,0.6015019175495897
Washington Wizards,New Orleans Pelicans,0.6411248863835601
Golden State Warriors,Portland Trail Blazers,0.8506222568483056
San Antonio Spurs,Dallas Mavericks,0.8289940090994147
Toronto Raptors,Orlando Magic,0.7858097748615847
Boston Celtics,Detroit Pistons,0.6273500858124325
Cleveland Cavaliers,Dallas Mavericks,0.7827986256981403
Miami Heat,Brooklyn Nets,0.8844505611770962
Orlando Magic,Minnesota Timberwolves,0.5334371855853661
Sacramento Kings,Philadelphia 76ers,0.8104188183556922
Memphis Grizzlies,Phoenix Suns,0.692103029934354
Houston Rockets,Sacramento Kings,0.6567953008907891
Denver Nuggets,Los Angeles Lakers,0.7184039269888924
Charlotte Hornets,Portland Trail Blazers,0.5708745994044411
San Antonio Spurs,Oklahoma City Thunder,0.6116545567719027
Toronto Raptors,New Orleans Pelicans,0.8486682336277975
Washington Wizards,New York Knicks,0.6688595044918917
Toronto Raptors,Boston Celtics,0.5898465630984888
New York Knicks,Brooklyn Nets,0.6427072851729879
Cleveland Cavaliers,Minnesota Timberwolves,0.8771134296085541
Dallas Mavericks,Philadelphia 76ers,0.9338067291388713
Memphis Grizzlies,Denver Nuggets,0.5132841608168093
Detroit Pistons,New Orleans Pelicans,0.751507446959104
Golden State Warriors,Charlotte Hornets,0.798708893714074
Atlanta Hawks,Miami Heat,0.5270034726061485
Oklahoma City Thunder,Chicago Bulls,0.7172115949743251
Indiana Pacers,Orlando Magic,0.6256161849287418
Los Angeles Clippers,Phoenix Suns,0.8645524922489536
Utah Jazz,Milwaukee Bucks,0.6971676351854683
Atlanta Hawks,Houston Rockets,0.6015965565758479
Golden State Warriors,Los Angeles Clippers,0.7598443299798496
San Antonio Spurs,Philadelphia 76ers,0.9859400275831736
Washington Wizards,Los Angeles Lakers,0.8896139132823653
Boston Celtics,Los Angeles Lakers,0.9326181019324346
Indiana Pacers,Brooklyn Nets,0.8100331399205528
Denver Nuggets,Milwaukee Bucks,0.6206721264916565
Detroit Pistons,Minnesota Timberwolves,0.7698341595286085
Chicago Bulls,Houston Rockets,0.5174102903183255
Oklahoma City Thunder,Memphis Grizzlies,0.7996207802843421
Toronto Raptors,Orlando Magic,0.7786027483747802
Portland Trail Blazers,Dallas Mavericks,0.5441515113636525
Sacramento Kings,Phoenix Suns,0.7439232719939628
Atlanta Hawks,Orlando Magic,0.7185458944930517
Indiana Pacers,Detroit Pistons,0.5622504642100482
Miami Heat,Philadelphia 76ers,0.9559858115868384
Memphis Grizzlies,Minnesota Timberwolves,0.5666470817014042
Cleveland Cavaliers,New York Knicks,0.8644033506406894
Milwaukee Bucks,Phoenix Suns,0.5657221286693381
Golden State Warriors,Sacramento Kings,0.9067055970770859
San Antonio Spurs,Denver Nuggets,0.9076735551498811
Charlotte Hornets,Utah Jazz,0.6118981291069832
Washington Wizards,New Orleans Pelicans,0.7106376228910041
Los Angeles Clippers,Boston Celtics,0.5406447701233565
Toronto Raptors,Brooklyn Nets,0.8997375928987147
Oklahoma City Thunder,Portland Trail Blazers,0.7140377609986966
Atlanta Hawks,Utah Jazz,0.6095755924100067
Dallas Mavericks,Denver Nuggets,0.5827942730947244
Detroit Pistons,Philadelphia 76ers,0.9497282563716465
Oklahoma City Thunder,Indiana Pacers,0.6889452295771672
San Antonio Spurs,Memphis Grizzlies,0.8485500154524764
Miami Heat,Minnesota Timberwolves,0.7478277173056402
New Orleans Pelicans,Phoenix Suns,0.6946274306078549
New York Knicks,Los Angeles Lakers,0.8073127222629551
Chicago Bulls,Sacramento Kings,0.6294012195337786
Toronto Raptors,Los Angeles Clippers,0.5304513713431
Cleveland Cavaliers,Washington Wizards,0.7682033370016299
Charlotte Hornets,Brooklyn Nets,0.8917634638649691
Portland Trail Blazers,Dallas Mavericks,0.553000834812515
Houston Rockets,Orlando Magic,0.626637911393915
Atlanta Hawks,Denver Nuggets,0.7736362899298427
Washington Wizards,Brooklyn Nets,0.7702102443905706
Detroit Pistons,Los Angeles Lakers,0.908461168969857
Golden State Warriors,Chicago Bulls,0.8413869010504182
Cleveland Cavaliers,Indiana Pacers,0.7166577419536644
Memphis Grizzlies,Phoenix Suns,0.8039300393156172
Miami Heat,Milwaukee Bucks,0.7370745021325109
Toronto Raptors,Minnesota Timberwolves,0.8193921926360822
Utah Jazz,New Orleans Pelicans,0.6634057725173411
Los Angeles Clippers,New York Knicks,0.7954206945213322
San Antonio Spurs,Philadelphia 76ers,0.9760992197819842
Boston Celtics,Sacramento Kings,0.7059247372469986
Charlotte Hornets,Houston Rockets,0.6370940180955362
Utah Jazz,Dallas Mavericks,0.525340510269387
Cleveland Cavaliers,Oklahoma City Thunder,0.5384667632853763
Orlando Magic,Philadelphia 76ers,0.9150683540492125
Boston Celtics,Portland Trail Blazers,0.5844589319526565
Miami Heat,Brooklyn Nets,0.8543503757457932
San Antonio Spurs,Detroit Pistons,0.8089758882927702
Golden State Warriors,Memphis Grizzlies,0.8731916047672227
Milwaukee Bucks,Los Angeles Lakers,0.8227304813291934
Minnesota Timberwolves,New Orleans Pelicans,0.5720928073108585
New York Knicks,Denver Nuggets,0.5278902661613759
Chicago Bulls,Phoenix Suns,0.7795805269190144
Atlanta Hawks,Sacramento Kings,0.7051827780940356
Indiana Pacers,Washington Wizards,0.5399298448045547
Los Angeles Clippers,Charlotte Hornets,0.5701484937563224
Cleveland Cavaliers,Denver Nuggets,0.8496709857502917
Dallas Mavericks,Orlando Magic,0.596350734182802
Houston Rockets,Phoenix Suns,0.8214848983332034
Indiana Pacers,Milwaukee Bucks,0.7605515952673315
Golden State Warriors,Oklahoma City Thunder,0.6929052251058079
Miami Heat,Philadelphia 76ers,0.9267000795684964
Boston Celtics,Utah Jazz,0.6250367991547168
Chicago Bulls,Minnesota Timberwolves,0.672923634145485
San Antonio Spurs,New York Knicks,0.9093493123683982
Sacramento Kings,New Orleans Pelicans,0.6182635021655001
Toronto Raptors,Detroit Pistons,0.6912053271684541
Memphis Grizzlies,Brooklyn Nets,0.7211677848008167
Charlotte Hornets,Philadelphia 76ers,0.9589813516950872
Boston Celtics,Dallas Mavericks,0.6325636828323689
Golden State Warriors,Denver Nuggets,0.9047205439384995
San Antonio Spurs,Indiana Pacers,0.7992003088733968
Miami Heat,Orlando Magic,0.6946231696536463
Detroit Pistons,Milwaukee Bucks,0.6391776457276461
New Orleans Pelicans,Phoenix Suns,0.5625187187265419
Atlanta Hawks,Portland Trail Blazers,0.5835912859790076
Los Angeles Clippers,Utah Jazz,0.6803461303489189
Oklahoma City Thunder,Washington Wizards,0.7437295012852745
Toronto Raptors,Chicago Bulls,0.7239914778598542
Sacramento Kings,Los Angeles Lakers,0.7497035367563571
Cleveland Cavaliers,Minnesota Timberwolves,0.8589119019347173
Boston Celtics,Philadelphia 76ers,0.9634332286306787
Milwaukee Bucks,Brooklyn Nets,0.5998188600920962
Cleveland Cavaliers,Indiana Pacers,0.6912830990794269
Denver Nuggets,Minnesota Timberwolves,0.647059040329809
Detroit Pistons,Dallas Mavericks,0.5663522017034835
Golden State Warriors,Sacramento Kings,0.9158535992499435
Miami Heat,Houston Rockets,0.6071364633592449
Los Angeles Clippers,Atlanta Hawks,0.5622084968714243
Memphis Grizzlies,New Orleans Pelicans,0.6956702815422895
Oklahoma City Thunder,New York Knicks,0.8515807777250873
San Antonio Spurs,Orlando Magic,0.8813158372031092
Phoenix Suns,Los Angeles Lakers,0.7184791444849015
Toronto Raptors,Charlotte Hornets,0.6039668509335008
Portland Trail Blazers,Utah Jazz,0.5450164065060842
Boston Celtics,Chicago Bulls,0.6270484013904282
Indiana Pacers,Washington Wizards,0.5868400930052661
Cleveland Cavaliers,New York Knicks,0.8414713013144967
Charlotte Hornets,Detroit Pistons,0.5487209510349659
Golden State Warriors,Los Angeles Clippers,0.7461492997368239
Houston Rockets,New Orleans Pelicans,0.6270169138967054
Portland Trail Blazers,Orlando Magic,0.6183006249804177
Sacramento Kings,Denver Nuggets,0.5865058423561923
Miami Heat,Atlanta Hawks,0.503962734406014
Chicago Bulls,Phoenix Suns,0.8057392100612779
Denver Nuggets,Brooklyn Nets,0.7849132184461307
Indiana Pacers,Memphis Grizzlies,0.647976114247623
San Antonio Spurs,Los Angeles Clippers,0.7202338905133641
Utah Jazz,Milwaukee Bucks,0.6386335785791013
Dallas Mavericks,Minnesota Timberwolves,0.6339708210708068
Oklahoma City Thunder,Los Angeles Lakers,0.9581465169011278
Washington Wizards,Philadelphia 76ers,0.8784071141502089
Toronto Raptors,Boston Celtics,0.5905735036373496
Cleveland Cavaliers,Chicago Bulls,0.70116145461627
Dallas Mavericks,New Orleans Pelicans,0.6930944392499886
Golden State Warriors,Brooklyn Nets,0.9698079196850374
Houston Rockets,Minnesota Timberwolves,0.7394034952030781
Miami Heat,Indiana Pacers,0.5467687524939616
New York Knicks,Philadelphia 76ers,0.8885867886597683
Atlanta Hawks,Orlando Magic,0.6919386018029844
Charlotte Hornets,Sacramento Kings,0.694233838340918
Memphis Grizzlies,Denver Nuggets,0.5132841608168093
Boston Celtics,Detroit Pistons,0.5624690900671621
Los Angeles Clippers,Charlotte Hornets,0.5749908017709009
San Antonio Spurs,Los Angeles Lakers,0.9662339807351128
Milwaukee Bucks,Phoenix Suns,0.7172605491403748
Oklahoma City Thunder,New Orleans Pelicans,0.8746270910722463
Toronto Raptors,Portland Trail Blazers,0.6674700995669337
Utah Jazz,Washington Wizards,0.5043979667377991
Boston Celtics,Atlanta Hawks,0.5212404905263058
Cleveland Cavaliers,Milwaukee Bucks,0.8643195269222843
Miami Heat,Dallas Mavericks,0.6371068222259612
Indiana Pacers,Houston Rockets,0.5290620325154216
Toronto Raptors,New York Knicks,0.8261104205216322
Golden State Warriors,Philadelphia 76ers,0.9804657294573186
Sacramento Kings,Minnesota Timberwolves,0.6417323422056768
Chicago Bulls,Denver Nuggets,0.6694363931785456
Detroit Pistons,Portland Trail Blazers,0.5197994591766956
Charlotte Hornets,Los Angeles Lakers,0.8914932770949042
Memphis Grizzlies,Phoenix Suns,0.8039300393156172
Oklahoma City Thunder,Utah Jazz,0.736223172470848
Golden State Warriors,Washington Wizards,0.8650355318067025
Atlanta Hawks,Dallas Mavericks,0.6275963752215815
Cleveland Cavaliers,Boston Celtics,0.6586711471160451
Los Angeles Clippers,Houston Rockets,0.7000232810320148
Miami Heat,Philadelphia 76ers,0.9559858115868384
Milwaukee Bucks,Denver Nuggets,0.5532947349410621
Detroit Pistons,New Orleans Pelicans,0.6639321696397122
Orlando Magic,New York Knicks,0.5865292989540454
Sacramento Kings,Brooklyn Nets,0.7809627722763659
San Antonio Spurs,Indiana Pacers,0.7957037928187222
Toronto Raptors,Washington Wizards,0.7122583194575052
Utah Jazz,Minnesota Timberwolves,0.7206284797945024
Golden State Warriors,Chicago Bulls,0.8719107608983436
Charlotte Hornets,Phoenix Suns,0.8254277264851744
Oklahoma City Thunder,Portland Trail Blazers,0.7205466318984424
Cleveland Cavaliers,Atlanta Hawks,0.6759175213338062
Dallas Mavericks,Memphis Grizzlies,0.5636643244887557
Boston Celtics,Los Angeles Lakers,0.8967635692024872
Los Angeles Clippers,Milwaukee Bucks,0.7782678487720299
San Antonio Spurs,New Orleans Pelicans,0.9099046487340102
Miami Heat,Orlando Magic,0.6968552931166567
New York Knicks,Philadelphia 76ers,0.7949567831060715
Oklahoma City Thunder,Phoenix Suns,0.9016165916723544
Utah Jazz,Brooklyn Nets,0.8369866522068448
Toronto Raptors,Washington Wizards,0.7118009741425965
Los Angeles Clippers,Chicago Bulls,0.6822118725556496
Charlotte Hornets,Denver Nuggets,0.6892772204204254
Houston Rockets,Memphis Grizzlies,0.5947373772212908
Cleveland Cavaliers,Miami Heat,0.7006741614766543
Toronto Raptors,Milwaukee Bucks,0.8109190672918933
Detroit Pistons,Philadelphia 76ers,0.8887512662973566
Portland Trail Blazers,Brooklyn Nets,0.8588599980549532
San Antonio Spurs,Minnesota Timberwolves,0.9254566108593018
Atlanta Hawks,Indiana Pacers,0.5751905565492003
Oklahoma City Thunder,Dallas Mavericks,0.7593831294881281
New Orleans Pelicans,Los Angeles Lakers,0.690810967535023
Golden State Warriors,New York Knicks,0.9249732393748836
Boston Celtics,Phoenix Suns,0.8333068938451952
Utah Jazz,Sacramento Kings,0.6068024133897689
Washington Wizards,Orlando Magic,0.6163629961982247
Golden State Warriors,Atlanta Hawks,0.8013316611098699
Charlotte Hornets,Indiana Pacers,0.5649404195477647
Cleveland Cavaliers,Miami Heat,0.6194496192923397
Denver Nuggets,Sacramento Kings,0.552879409420761
Detroit Pistons,Chicago Bulls,0.5236910395280492
Los Angeles Clippers,Boston Celtics,0.5613292621778264
Memphis Grizzlies,Brooklyn Nets,0.8342241707586805
Orlando Magic,New York Knicks,0.5865292989540454
Milwaukee Bucks,Philadelphia 76ers,0.7636224874816886
San Antonio Spurs,Houston Rockets,0.8403979791221142
Utah Jazz,New Orleans Pelicans,0.6999110724216989
Dallas Mavericks,Los Angeles Lakers,0.881106128580527
Oklahoma City Thunder,Portland Trail Blazers,0.7140377609986966
Washington Wizards,Phoenix Suns,0.7444460333255352
Atlanta Hawks,Brooklyn Nets,0.8957346702283826
Washington Wizards,Denver Nuggets,0.5774676200519548
Golden State Warriors,Boston Celtics,0.7896072600239263
Houston Rockets,Utah Jazz,0.5065217793660286
Indiana Pacers,Detroit Pistons,0.5622504642100482
Charlotte Hornets,Miami Heat,0.5139978048620883
Milwaukee Bucks,New York Knicks,0.537724473853794
Los Angeles Clippers,Minnesota Timberwolves,0.787821303823339
Toronto Raptors,New Orleans Pelicans,0.8270787196279914
Chicago Bulls,Orlando Magic,0.6146131867855933
San Antonio Spurs,Sacramento Kings,0.8933170982422836
Cleveland Cavaliers,Detroit Pistons,0.7290896029668337
Los Angeles Clippers,Memphis Grizzlies,0.6847036791212429
San Antonio Spurs,Oklahoma City Thunder,0.6473777604435598
Phoenix Suns,Los Angeles Lakers,0.7184791444849015
Portland Trail Blazers,Philadelphia 76ers,0.9452574736676762
Toronto Raptors,Atlanta Hawks,0.6085035085337791
Chicago Bulls,Houston Rockets,0.5203075953328254
Charlotte Hornets,Orlando Magic,0.7100108569227043
Dallas Mavericks,Brooklyn Nets,0.8325387507057136
Boston Celtics,Denver Nuggets,0.701076032833662
Indiana Pacers,Milwaukee Bucks,0.6708222462624273
Golden State Warriors,Minnesota Timberwolves,0.9217126126899202
Washington Wizards,Sacramento Kings,0.5831291172224579
Charlotte Hornets,New Orleans Pelicans,0.7891451576516139
Dallas Mavericks,Phoenix Suns,0.8020097211732179
Detroit Pistons,New York Knicks,0.7132490733199026
Los Angeles Clippers,Philadelphia 76ers,0.9688253807519746
Atlanta Hawks,Memphis Grizzlies,0.6289048609717787
Toronto Raptors,Miami Heat,0.635633829192678
Milwaukee Bucks,Minnesota Timberwolves,0.6100074478852496
Oklahoma City Thunder,Utah Jazz,0.736223172470848
Cleveland Cavaliers,Orlando Magic,0.8251431497285864
Portland Trail Blazers,Washington Wizards,0.5495705608622746
Sacramento Kings,Denver Nuggets,0.5865058423561923
Golden State Warriors,San Antonio Spurs,0.5837150059952383
Boston Celtics,Chicago Bulls,0.6052683336859837
New York Knicks,Brooklyn Nets,0.6427072851729879
Cleveland Cavaliers,Houston Rockets,0.7603342704843699
Miami Heat,Indiana Pacers,0.5519916572273924
Los Angeles Lakers,Philadelphia 76ers,0.7365572943053865
Portland Trail Blazers,Phoenix Suns,0.7822487556414318
Charlotte Hornets,Chicago Bulls,0.5763841328031141
Denver Nuggets,Los Angeles Lakers,0.8447167654152913
Memphis Grizzlies,Milwaukee Bucks,0.6929050853330223
Washington Wizards,Minnesota Timberwolves,0.6288814861959715
Sacramento Kings,Orlando Magic,0.5144561231835639
San Antonio Spurs,Atlanta Hawks,0.7434377072664914
Toronto Raptors,Dallas Mavericks,0.7077557265945348
Los Angeles Clippers,Utah Jazz,0.6803461303489189
Oklahoma City Thunder,Brooklyn Nets,0.9133790429559757
Cleveland Cavaliers,Detroit Pistons,0.7203572515500188
Golden State Warriors,Philadelphia 76ers,0.9891478572211897
Portland Trail Blazers,New Orleans Pelicans,0.6878018101502044
Indiana Pacers,New York Knicks,0.693008272484472
Boston Celtics,Minnesota Timberwolves,0.8234655286925915
Chicago Bulls,Memphis Grizzlies,0.5694733742715768
Detroit Pistons,Utah Jazz,0.5475045577842573
Houston Rockets,Los Angeles Lakers,0.8938309834950936
Charlotte Hornets,Indiana Pacers,0.5333102022888092
Los Angeles Clippers,Milwaukee Bucks,0.8308112498725567
Miami Heat,New Orleans Pelicans,0.7766355640629005
Sacramento Kings,Phoenix Suns,0.6328606758011395
San Antonio Spurs,Portland Trail Blazers,0.8007151632469375
Washington Wizards,Dallas Mavericks,0.5146952797207153
Atlanta Hawks,Memphis Grizzlies,0.6906211030967794
Cleveland Cavaliers,Utah Jazz,0.7208320625682448
Los Angeles Clippers,Denver Nuggets,0.74966142847643
Golden State Warriors,Orlando Magic,0.9051731125617413
New York Knicks,Brooklyn Nets,0.7375790780944251
Oklahoma City Thunder,Toronto Raptors,0.5596478295231002
Boston Celtics,Brooklyn Nets,0.8518947154022988
Toronto Raptors,Detroit Pistons,0.6672918043994243
Milwaukee Bucks,Los Angeles Lakers,0.6935866814480425
Miami Heat,Minnesota Timberwolves,0.7936179825368198
Houston Rockets,New Orleans Pelicans,0.6270169138967054
Dallas Mavericks,Philadelphia 76ers,0.8807235854876914
Orlando Magic,Phoenix Suns,0.6627859175337494
Chicago Bulls,Washington Wizards,0.5283072595637156
Atlanta Hawks,Portland Trail Blazers,0.58277481433903
Utah Jazz,Chicago Bulls,0.519438488207069
Charlotte Hornets,Washington Wizards,0.6229207842239655
Houston Rockets,Denver Nuggets,0.562564596149209
Golden State Warriors,Milwaukee Bucks,0.9350746875138305
Cleveland Cavaliers,Los Angeles Clippers,0.6206389524435856
San Antonio Spurs,Memphis Grizzlies,0.8485500154524764
Oklahoma City Thunder,Sacramento Kings,0.838808136891196
Dallas Mavericks,Brooklyn Nets,0.774057784749751
Detroit Pistons,Phoenix Suns,0.8443483767139003
Cleveland Cavaliers,Los Angeles Lakers,0.9478756013036291
Miami Heat,Portland Trail Blazers,0.5544673923571944
New Orleans Pelicans,Minnesota Timberwolves,0.5837710085579224
Boston Celtics,Philadelphia 76ers,0.9253576666132164
San Antonio Spurs,Sacramento Kings,0.8933170982422836
Toronto Raptors,Indiana Pacers,0.6605286023626424
Boston Celtics,Washington Wizards,0.6505556415827034
Atlanta Hawks,Charlotte Hornets,0.5086254661201343
Houston Rockets,Denver Nuggets,0.6920069573095746
Indiana Pacers,Utah Jazz,0.5628308097991604
Los Angeles Clippers,New York Knicks,0.8036025003941488
Golden State Warriors,Oklahoma City Thunder,0.6929052251058079
Orlando Magic,Philadelphia 76ers,0.9150683540492125
Detroit Pistons,Brooklyn Nets,0.7875325492256454
Golden State Warriors,Dallas Mavericks,0.874529535251278
Los Angeles Clippers,Los Angeles Lakers,0.9172951272797172
Miami Heat,Phoenix Suns,0.8618145092319982
San Antonio Spurs,Minnesota Timberwolves,0.9054790637138054
Memphis Grizzlies,New Orleans Pelicans,0.5795710291546887
Portland Trail Blazers,Milwaukee Bucks,0.7317901429101331
Toronto Raptors,Chicago Bulls,0.6709225807895506
Boston Celtics,Indiana Pacers,0.594055355341546
Detroit Pistons,Chicago Bulls,0.5200271395313463
Cleveland Cavaliers,Denver Nuggets,0.8307914433523647
Oklahoma City Thunder,Philadelphia 76ers,0.9775677850243769
Charlotte Hornets,Orlando Magic,0.6807204955948115
Sacramento Kings,Milwaukee Bucks,0.6151840279217059
Utah Jazz,New York Knicks,0.6573310368238491
Atlanta Hawks,Washington Wizards,0.6120180120383159
Brooklyn Nets,Phoenix Suns,0.5480002550197409
Los Angeles Clippers,Dallas Mavericks,0.6873181739778872
Toronto Raptors,Miami Heat,0.635633829192678
Portland Trail Blazers,New York Knicks,0.6945123225696814
San Antonio Spurs,Memphis Grizzlies,0.8652526480071924
Boston Celtics,Phoenix Suns,0.8832502031165507
Chicago Bulls,Philadelphia 76ers,0.9352540151851269
Cleveland Cavaliers,Charlotte Hornets,0.6850108351471983
Golden State Warriors,Sacramento Kings,0.9158535992499435
Houston Rockets,New Orleans Pelicans,0.7195365160391073
Indiana Pacers,Denver Nuggets,0.7380946719099596
Minnesota Timberwolves,Los Angeles Lakers,0.6688983325536415
Atlanta Hawks,Milwaukee Bucks,0.7325597785202258
Detroit Pistons,Orlando Magic,0.5922672224918628
Washington Wizards,Brooklyn Nets,0.8439062247947008
Cleveland Cavaliers,Washington Wizards,0.740169850756888
Toronto Raptors,Dallas Mavericks,0.7286934310153093
Los Angeles Clippers,Utah Jazz,0.6655976549225471
Portland Trail Blazers,Minnesota Timberwolves,0.7535170419866783
San Antonio Spurs,New York Knicks,0.9022737331036655
Atlanta Hawks,Brooklyn Nets,0.8957346702283826
Boston Celtics,Miami Heat,0.5154560093262558
Charlotte Hornets,Phoenix Suns,0.8703500031888439
Denver Nuggets,New Orleans Pelicans,0.6237345442224785
Golden State Warriors,Memphis Grizzlies,0.8930076347134616
Oklahoma City Thunder,Houston Rockets,0.7353158594916152
Indiana Pacers,Philadelphia 76ers,0.9526101839237908
Los Angeles Clippers,Sacramento Kings,0.7877301466311804
Portland Trail Blazers,Los Angeles Lakers,0.8619215608776132
Chicago Bulls,Milwaukee Bucks,0.6604267027150781
Oklahoma City Thunder,Dallas Mavericks,0.7593831294881281
Detroit Pistons,New York Knicks,0.662423182795933
Memphis Grizzlies,Sacramento Kings,0.5190894553379306
San Antonio Spurs,Cleveland Cavaliers,0.5796952181238127
Toronto Raptors,Orlando Magic,0.7858097748615847
Utah Jazz,New Orleans Pelicans,0.6999110724216989
Atlanta Hawks,Phoenix Suns,0.8749967406094017
Brooklyn Nets,Philadelphia 76ers,0.8085138024417545
Charlotte Hornets,Milwaukee Bucks,0.7869692064169842
Miami Heat,Detroit Pistons,0.567286044820316
Golden State Warriors,Houston Rockets,0.8598540300471437
Indiana Pacers,Minnesota Timberwolves,0.7806469913935589
Washington Wizards,Los Angeles Lakers,0.8350335302520127
Portland Trail Blazers,Denver Nuggets,0.7076725842081044
Boston Celtics,Milwaukee Bucks,0.8063195992562745
Los Angeles Clippers,Washington Wizards,0.6871006800694212
Indiana Pacers,Memphis Grizzlies,0.5576867168282179
Dallas Mavericks,New Orleans Pelicans,0.6461407953169236
Miami Heat,New York Knicks,0.7564166368128931
Oklahoma City Thunder,Orlando Magic,0.8051563740305884
Atlanta Hawks,Philadelphia 76ers,0.925110608753809
Utah Jazz,Sacramento Kings,0.6068024133897689
Golden State Warriors,San Antonio Spurs,0.5837150059952383
Toronto Raptors,Charlotte Hornets,0.6039668509335008
Cleveland Cavaliers,Chicago Bulls,0.7787496518747108
Detroit Pistons,Brooklyn Nets,0.86941200623555
Minnesota Timberwolves,Los Angeles Lakers,0.8143784914545904
Los Angeles Clippers,Phoenix Suns,0.8645524922489536
Portland Trail Blazers,Houston Rockets,0.5645736327324464
Boston Celtics,Orlando Magic,0.733988767549365
Charlotte Hornets,Denver Nuggets,0.7662283427792637
Cleveland Cavaliers,Philadelphia 76ers,0.9757959211256093
Golden State Warriors,Houston Rockets,0.8725181977097114
Dallas Mavericks,Memphis Grizzlies,0.503230122845856
Miami Heat,New York Knicks,0.7409121739090979
Detroit Pistons,Milwaukee Bucks,0.6391776457276461
Sacramento Kings,New Orleans Pelicans,0.5138844167577727
San Antonio Spurs,Oklahoma City Thunder,0.6473777604435598
Toronto Raptors,Indiana Pacers,0.6605286023626424
Utah Jazz,Washington Wizards,0.5072640309917439
Orlando Magic,Brooklyn Nets,0.6933921265691394
Atlanta Hawks,Chicago Bulls,0.6262128094822031
Los Angeles Clippers,Los Angeles Lakers,0.9422820406200939
Sacramento Kings,Minnesota Timberwolves,0.500680875146966
Portland Trail Blazers,Phoenix Suns,0.8321620987558587
Atlanta Hawks,Brooklyn Nets,0.8514435391681919
Cleveland Cavaliers,Indiana Pacers,0.6912830990794269
Golden State Warriors,Washington Wizards,0.8655997711915013
Memphis Grizzlies,Los Angeles Lakers,0.7961644961016864
Miami Heat,Denver Nuggets,0.7527850642525228
Dallas Mavericks,Milwaukee Bucks,0.6208242059710504
Chicago Bulls,New Orleans Pelicans,0.684443125930943
Boston Celtics,New York Knicks,0.752787585782178
Oklahoma City Thunder,Charlotte Hornets,0.6548286551541237
Houston Rockets,Phoenix Suns,0.7327063977684738
San Antonio Spurs,Utah Jazz,0.8178910443278353
Toronto Raptors,Philadelphia 76ers,0.9722467930724793
Cleveland Cavaliers,Orlando Magic,0.8085048579960249
Golden State Warriors,Minnesota Timberwolves,0.9416472119080651
Toronto Raptors,Indiana Pacers,0.6533723275753336
New Orleans Pelicans,Denver Nuggets,0.5262063439614797
Chicago Bulls,New York Knicks,0.6829822610212409
Oklahoma City Thunder,Milwaukee Bucks,0.8731915320338097
Brooklyn Nets,Philadelphia 76ers,0.591583133840357
Dallas Mavericks,Sacramento Kings,0.588435265631734
San Antonio Spurs,Memphis Grizzlies,0.8652526480071924
Portland Trail Blazers,Utah Jazz,0.5450164065060842
Charlotte Hornets,Washington Wizards,0.5995737930734497
Cleveland Cavaliers,Boston Celtics,0.6586711471160451
Miami Heat,Charlotte Hornets,0.5144146727354189
Toronto Raptors,Detroit Pistons,0.6672918043994243
Houston Rockets,Denver Nuggets,0.6920069573095746
Los Angeles Clippers,Dallas Mavericks,0.6823799692204423
Oklahoma City Thunder,Memphis Grizzlies,0.7571583075585052
Golden State Warriors,Phoenix Suns,0.9529177425348934
San Antonio Spurs,Los Angeles Lakers,0.973571280100946
Atlanta Hawks,Boston Celtics,0.5009366664315171
Indiana Pacers,Milwaukee Bucks,0.7605515952673315
Washington Wizards,New York Knicks,0.6395690862838549
Orlando Magic,Brooklyn Nets,0.7915327185250324
Chicago Bulls,Philadelphia 76ers,0.8976561176062516
Portland Trail Blazers,Minnesota Timberwolves,0.7535170419866783
Cleveland Cavaliers,Atlanta Hawks,0.6248960628389861
San Antonio Spurs,Dallas Mavericks,0.8501033034925163
Denver Nuggets,New Orleans Pelicans,0.6237345442224785
Houston Rockets,Detroit Pistons,0.505932301210397
Sacramento Kings,Los Angeles Lakers,0.7497035367563571
Memphis Grizzlies,New York Knicks,0.6527870222356342
Oklahoma City Thunder,Phoenix Suns,0.9016165916723544
Toronto Raptors,Miami Heat,0.5858265173722161
Utah Jazz,Minnesota Timberwolves,0.7206284797945024
Chicago Bulls,Brooklyn Nets,0.802741159797823
Boston Celtics,Charlotte Hornets,0.5095180333766648
Golden State Warriors,New Orleans Pelicans,0.9358611451657128
Indiana Pacers,Orlando Magic,0.6256161849287418
Milwaukee Bucks,Philadelphia 76ers,0.7636224874816886
Portland Trail Blazers,Utah Jazz,0.5251479761917133
San Antonio Spurs,Los Angeles Clippers,0.6933784594711812
Miami Heat,Washington Wizards,0.6175051414022013
Cleveland Cavaliers,Atlanta Hawks,0.6759175213338062
Oklahoma City Thunder,Denver Nuggets,0.811302644873199
Minnesota Timberwolves,Los Angeles Lakers,0.6688983325536415
Detroit Pistons,Memphis Grizzlies,0.522901295924233
Toronto Raptors,New York Knicks,0.8261104205216322
Dallas Mavericks,Phoenix Suns,0.7485841467471197
Houston Rockets,Sacramento Kings,0.5682764908291116
Boston Celtics,Brooklyn Nets,0.9027710397631208
Chicago Bulls,Orlando Magic,0.6020318624603105
Detroit Pistons,Washington Wizards,0.5717150549470302
Golden State Warriors,Utah Jazz,0.853752585370399
Los Angeles Clippers,Houston Rockets,0.7000232810320148
Cleveland Cavaliers,Miami Heat,0.7006741614766543
Charlotte Hornets,Milwaukee Bucks,0.7222270759685745
Indiana Pacers,Philadelphia 76ers,0.9018683395153939
San Antonio Spurs,Portland Trail Blazers,0.8224865417930565
Atlanta Hawks,Charlotte Hornets,0.514853466467012
Dallas Mavericks,Denver Nuggets,0.6641807501744322
New Orleans Pelicans,Los Angeles Lakers,0.690810967535023
Oklahoma City Thunder,Minnesota Timberwolves,0.8420461341113088
Sacramento Kings,Phoenix Suns,0.7439232719939628
Boston Celtics,Milwaukee Bucks,0.8063195992562745
Chicago Bulls,Brooklyn Nets,0.83581090150336
Cleveland Cavaliers,Toronto Raptors,0.5155045133001317
Golden State Warriors,Los Angeles Lakers,0.9795425271044096
Houston Rockets,Minnesota Timberwolves,0.7394034952030781
Atlanta Hawks,Indiana Pacers,0.5462552873238041
Los Angeles Clippers,Sacramento Kings,0.7877301466311804
Dallas Mavericks,Memphis Grizzlies,0.503230122845856
Miami Heat,Washington Wizards,0.605479659002967
New York Knicks,Philadelphia 76ers,0.8885867886597683
Oklahoma City Thunder,Denver Nuggets,0.8593449675613766
Detroit Pistons,Orlando Magic,0.5922672224918628
Portland Trail Blazers,New Orleans Pelicans,0.7343394459817161
San Antonio Spurs,Utah Jazz,0.8459474237541219
